x,y,gx,gy
-1e+07,-1e+07,1.40923,1.40923
-9.5e+06,-1e+07,1.44299,1.51893
-9e+06,-1e+07,1.47316,1.63685
-8.5e+06,-1e+07,1.49867,1.76314
-8e+06,-1e+07,1.51827,1.89784
-7.5e+06,-1e+07,1.53058,2.04078
-7e+06,-1e+07,1.53407,2.19152
-6.5e+06,-1e+07,1.52708,2.34935
-6e+06,-1e+07,1.50789,2.51314
-5.5e+06,-1e+07,1.47476,2.68138
-5e+06,-1e+07,1.42604,2.85207
-4.5e+06,-1e+07,1.36022,3.02272
-4e+06,-1e+07,1.27614,3.19035
-3.5e+06,-1e+07,1.17304,3.35155
-3e+06,-1e+07,1.05077,3.50256
-2.5e+06,-1e+07,0.909855,3.63942
-2e+06,-1e+07,0.751632,3.75816
-1.5e+06,-1e+07,0.578258,3.85505
-1e+06,-1e+07,0.392684,3.92684
-500000,-1e+07,0.19855,3.97099
0,-1e+07,-0,3.98589
500000,-1e+07,-0.19855,3.97099
1e+06,-1e+07,-0.392684,3.92684
1.5e+06,-1e+07,-0.578258,3.85505
2e+06,-1e+07,-0.751632,3.75816
2.5e+06,-1e+07,-0.909855,3.63942
3e+06,-1e+07,-1.05077,3.50256
3.5e+06,-1e+07,-1.17304,3.35155
4e+06,-1e+07,-1.27614,3.19035
4.5e+06,-1e+07,-1.36022,3.02272
5e+06,-1e+07,-1.42604,2.85207
5.5e+06,-1e+07,-1.47476,2.68138
6e+06,-1e+07,-1.50789,2.51314
6.5e+06,-1e+07,-1.52708,2.34935
7e+06,-1e+07,-1.53407,2.19152
7.5e+06,-1e+07,-1.53058,2.04078
8e+06,-1e+07,-1.51827,1.89784
8.5e+06,-1e+07,-1.49867,1.76314
9e+06,-1e+07,-1.47316,1.63685
9.5e+06,-1e+07,-1.44299,1.51893
1e+07,-1e+07,-1.40923,1.40923
-1e+07,-9.5e+06,1.51893,1.44299
-9.5e+06,-9.5e+06,1.56147,1.56147
-9e+06,-9.5e+06,1.60075,1.68968
-8.5e+06,-9.5e+06,1.63555,1.82797
-8e+06,-9.5e+06,1.66448,1.97657
-7.5e+06,-9.5e+06,1.68589,2.13547
-7e+06,-9.5e+06,1.69797,2.30439
-6.5e+06,-9.5e+06,1.69869,2.48271
-6e+06,-9.5e+06,1.68589,2.66933
-5.5e+06,-9.5e+06,1.65732,2.86265
-5e+06,-9.5e+06,1.61077,3.06047
-4.5e+06,-9.5e+06,1.54417,3.25991
-4e+06,-9.5e+06,1.45577,3.45745
-3.5e+06,-9.5e+06,1.34434,3.64891
-3e+06,-9.5e+06,1.20935,3.8296
-2.5e+06,-9.5e+06,1.05117,3.99446
-2e+06,-9.5e+06,0.871231,4.13835
-1.5e+06,-9.5e+06,0.672054,4.25634
-1e+06,-9.5e+06,0.457274,4.3441
-500000,-9.5e+06,0.231485,4.39821
0,-9.5e+06,-0,4.4165
500000,-9.5e+06,-0.231485,4.39821
1e+06,-9.5e+06,-0.457274,4.3441
1.5e+06,-9.5e+06,-0.672054,4.25634
2e+06,-9.5e+06,-0.871231,4.13835
2.5e+06,-9.5e+06,-1.05117,3.99446
3e+06,-9.5e+06,-1.20935,3.8296
3.5e+06,-9.5e+06,-1.34434,3.64891
4e+06,-9.5e+06,-1.45577,3.45745
4.5e+06,-9.5e+06,-1.54417,3.25991
5e+06,-9.5e+06,-1.61077,3.06047
5.5e+06,-9.5e+06,-1.65732,2.86265
6e+06,-9.5e+06,-1.68589,2.66933
6.5e+06,-9.5e+06,-1.69869,2.48271
7e+06,-9.5e+06,-1.69797,2.30439
7.5e+06,-9.5e+06,-1.68589,2.13547
8e+06,-9.5e+06,-1.66448,1.97657
8.5e+06,-9.5e+06,-1.63555,1.82797
9e+06,-9.5e+06,-1.60075,1.68968
9.5e+06,-9.5e+06,-1.56147,1.56147
1e+07,-9.5e+06,-1.51893,1.44299
-1e+07,-9e+06,1.63685,1.47316
-9.5e+06,-9e+06,1.68968,1.60075
-9e+06,-9e+06,1.73978,1.73978
-8.5e+06,-9e+06,1.78584,1.89089
-8e+06,-9e+06,1.82626,2.05455
-7.5e+06,-9e+06,1.85917,2.231
-7e+06,-9e+06,1.88239,2.42021
-6.5e+06,-9e+06,1.89347,2.62173
-6e+06,-9e+06,1.88972,2.83458
-5.5e+06,-9e+06,1.86826,3.05716
-5e+06,-9e+06,1.82615,3.28707
-4.5e+06,-9e+06,1.76054,3.52108
-4e+06,-9e+06,1.66889,3.755
-3.5e+06,-9e+06,1.54925,3.98377
-3e+06,-9e+06,1.4005,4.2015
-2.5e+06,-9e+06,1.22269,4.40169
-2e+06,-9e+06,1.01725,4.57762
-1.5e+06,-9e+06,0.787119,4.72271
-1e+06,-9e+06,0.53679,4.83111
-500000,-9e+06,0.27212,4.89816
0,-9e+06,-0,4.92085
500000,-9e+06,-0.27212,4.89816
1e+06,-9e+06,-0.53679,4.83111
1.5e+06,-9e+06,-0.787119,4.72271
2e+06,-9e+06,-1.01725,4.57762
2.5e+06,-9e+06,-1.22269,4.40169
3e+06,-9e+06,-1.4005,4.2015
3.5e+06,-9e+06,-1.54925,3.98377
4e+06,-9e+06,-1.66889,3.755
4.5e+06,-9e+06,-1.76054,3.52108
5e+06,-9e+06,-1.82615,3.28707
5.5e+06,-9e+06,-1.86826,3.05716
6e+06,-9e+06,-1.88972,2.83458
6.5e+06,-9e+06,-1.89347,2.62173
7e+06,-9e+06,-1.88239,2.42021
7.5e+06,-9e+06,-1.85917,2.231
8e+06,-9e+06,-1.82626,2.05455
8.5e+06,-9e+06,-1.78584,1.89089
9e+06,-9e+06,-1.73978,1.73978
9.5e+06,-9e+06,-1.68968,1.60075
1e+07,-9e+06,-1.63685,1.47316
-1e+07,-8.5e+06,1.76314,1.49867
-9.5e+06,-8.5e+06,1.82797,1.63555
-9e+06,-8.5e+06,1.89089,1.78584
-8.5e+06,-8.5e+06,1.95049,1.95049
-8e+06,-8.5e+06,2.00498,2.13029
-7.5e+06,-8.5e+06,2.05226,2.32589
-7e+06,-8.5e+06,2.08978,2.53759
-6.5e+06,-8.5e+06,2.11461,2.76526
-6e+06,-8.5e+06,2.12342,3.00817
-5.5e+06,-8.5e+06,2.11253,3.26482
-5e+06,-8.5e+06,2.07807,3.53273
-4.5e+06,-8.5e+06,2.01616,3.80831
-4e+06,-8.5e+06,1.92315,4.0867
-3.5e+06,-8.5e+06,1.79601,4.36174
-3e+06,-8.5e+06,1.63272,4.62604
-2.5e+06,-8.5e+06,1.43272,4.87124
-2e+06,-8.5e+06,1.19728,5.08844
-1.5e+06,-8.5e+06,0.929785,5.26878
-1e+06,-8.5e+06,0.635791,5.40422
-500000,-8.5e+06,0.322841,5.48829
0,-8.5e+06,-0,5.51681
500000,-8.5e+06,-0.322841,5.48829
1e+06,-8.5e+06,-0.635791,5.40422
1.5e+06,-8.5e+06,-0.929785,5.26878
2e+06,-8.5e+06,-1.19728,5.08844
2.5e+06,-8.5e+06,-1.43272,4.87124
3e+06,-8.5e+06,-1.63272,4.62604
3.5e+06,-8.5e+06,-1.79601,4.36174
4e+06,-8.5e+06,-1.92315,4.0867
4.5e+06,-8.5e+06,-2.01616,3.80831
5e+06,-8.5e+06,-2.07807,3.53273
5.5e+06,-8.5e+06,-2.11253,3.26482
6e+06,-8.5e+06,-2.12342,3.00817
6.5e+06,-8.5e+06,-2.11461,2.76526
7e+06,-8.5e+06,-2.08978,2.53759
7.5e+06,-8.5e+06,-2.05226,2.32589
8e+06,-8.5e+06,-2.00498,2.13029
8.5e+06,-8.5e+06,-1.95049,1.95049
9e+06,-8.5e+06,-1.89089,1.78584
9.5e+06,-8.5e+06,-1.82797,1.63555
1e+07,-8.5e+06,-1.76314,1.49867
-1e+07,-8e+06,1.89784,1.51827
-9.5e+06,-8e+06,1.97657,1.66448
-9e+06,-8e+06,2.05455,1.82626
-8.5e+06,-8e+06,2.13029,2.00498
-8e+06,-8e+06,2.20192,2.20192
-7.5e+06,-8e+06,2.26704,2.41818
-7e+06,-8e+06,2.32277,2.65459
-6.5e+06,-8e+06,2.36562,2.91154
-6e+06,-8e+06,2.39154,3.18871
-5.5e+06,-8e+06,2.39589,3.48493
-5e+06,-8e+06,2.37362,3.79779
-4.5e+06,-8e+06,2.31944,4.12345
-4e+06,-8e+06,2.22818,4.45636
-3.5e+06,-8e+06,2.09524,4.78912
-3e+06,-8e+06,1.91718,5.11248
-2.5e+06,-8e+06,1.69237,5.41559
-2e+06,-8e+06,1.42165,5.68659
-1.5e+06,-8e+06,1.10876,5.91339
-1e+06,-8e+06,0.760599,6.08479
-500000,-8e+06,0.386978,6.19164
0,-8e+06,-0,6.22796
500000,-8e+06,-0.386978,6.19164
1e+06,-8e+06,-0.760599,6.08479
1.5e+06,-8e+06,-1.10876,5.91339
2e+06,-8e+06,-1.42165,5.68659
2.5e+06,-8e+06,-1.69237,5.41559
3e+06,-8e+06,-1.91718,5.11248
3.5e+06,-8e+06,-2.09524,4.78912
4e+06,-8e+06,-2.22818,4.45636
4.5e+06,-8e+06,-2.31944,4.12345
5e+06,-8e+06,-2.37362,3.79779
5.5e+06,-8e+06,-2.39589,3.48493
6e+06,-8e+06,-2.39154,3.18871
6.5e+06,-8e+06,-2.36562,2.91154
7e+06,-8e+06,-2.32277,2.65459
7.5e+06,-8e+06,-2.26704,2.41818
8e+06,-8e+06,-2.20192,2.20192
8.5e+06,-8e+06,-2.13029,2.00498
9e+06,-8e+06,-2.05455,1.82626
9.5e+06,-8e+06,-1.97657,1.66448
1e+07,-8e+06,-1.89784,1.51827
-1e+07,-7.5e+06,2.04078,1.53058
-9.5e+06,-7.5e+06,2.13547,1.68589
-9e+06,-7.5e+06,2.231,1.85917
-8.5e+06,-7.5e+06,2.32589,2.05226
-8e+06,-7.5e+06,2.41818,2.26704
-7.5e+06,-7.5e+06,2.50529,2.50529
-7e+06,-7.5e+06,2.58399,2.76856
-6.5e+06,-7.5e+06,2.65024,3.05796
-6e+06,-7.5e+06,2.69915,3.37394
-5.5e+06,-7.5e+06,2.72498,3.71589
-5e+06,-7.5e+06,2.7212,4.0818
-4.5e+06,-7.5e+06,2.68069,4.46781
-4e+06,-7.5e+06,2.59614,4.86777
-3.5e+06,-7.5e+06,2.46069,5.27292
-3e+06,-7.5e+06,2.26869,5.67174
-2.5e+06,-7.5e+06,2.01672,6.05016
-2e+06,-7.5e+06,1.70459,6.39221
-1.5e+06,-7.5e+06,1.33624,6.68118
-1e+06,-7.5e+06,0.920158,6.90118
-500000,-7.5e+06,0.46927,7.03905
0,-7.5e+06,-0,7.08603
500000,-7.5e+06,-0.46927,7.03905
1e+06,-7.5e+06,-0.920158,6.90118
1.5e+06,-7.5e+06,-1.33624,6.68118
2e+06,-7.5e+06,-1.70459,6.39221
2.5e+06,-7.5e+06,-2.01672,6.05016
3e+06,-7.5e+06,-2.26869,5.67174
3.5e+06,-7.5e+06,-2.46069,5.27292
4e+06,-7.5e+06,-2.59614,4.86777
4.5e+06,-7.5e+06,-2.68069,4.46781
5e+06,-7.5e+06,-2.7212,4.0818
5.5e+06,-7.5e+06,-2.72498,3.71589
6e+06,-7.5e+06,-2.69915,3.37394
6.5e+06,-7.5e+06,-2.65024,3.05796
7e+06,-7.5e+06,-2.58399,2.76856
7.5e+06,-7.5e+06,-2.50529,2.50529
8e+06,-7.5e+06,-2.41818,2.26704
8.5e+06,-7.5e+06,-2.32589,2.05226
9e+06,-7.5e+06,-2.231,1.85917
9.5e+06,-7.5e+06,-2.13547,1.68589
1e+07,-7.5e+06,-2.04078,1.53058
-1e+07,-7e+06,2.19152,1.53407
-9.5e+06,-7e+06,2.30439,1.69797
-9e+06,-7e+06,2.42021,1.88239
-8.5e+06,-7e+06,2.53759,2.08978
-8e+06,-7e+06,2.65459,2.32277
-7.5e+06,-7e+06,2.76856,2.58399
-7e+06,-7e+06,2.87597,2.87597
-6.5e+06,-7e+06,2.97228,3.20092
-6e+06,-7e+06,3.05175,3.56037
-5.5e+06,-7e+06,3.10734,3.9548
-5e+06,-7e+06,3.13075,4.38305
-4.5e+06,-7e+06,3.11249,4.84166
-4e+06,-7e+06,3.04239,5.32419
-3.5e+06,-7e+06,2.91028,5.82056
-3e+06,-7e+06,2.7071,6.31657
-2.5e+06,-7e+06,2.42643,6.79399
-2e+06,-7e+06,2.06605,7.23119
-1.5e+06,-7e+06,1.62958,7.60471
-1e+06,-7e+06,1.12738,7.89166
-500000,-7e+06,0.576615,8.07261
0,-7e+06,-0,8.13447
500000,-7e+06,-0.576615,8.07261
1e+06,-7e+06,-1.12738,7.89166
1.5e+06,-7e+06,-1.62958,7.60471
2e+06,-7e+06,-2.06605,7.23119
2.5e+06,-7e+06,-2.42643,6.79399
3e+06,-7e+06,-2.7071,6.31657
3.5e+06,-7e+06,-2.91028,5.82056
4e+06,-7e+06,-3.04239,5.32419
4.5e+06,-7e+06,-3.11249,4.84166
5e+06,-7e+06,-3.13075,4.38305
5.5e+06,-7e+06,-3.10734,3.9548
6e+06,-7e+06,-3.05175,3.56037
6.5e+06,-7e+06,-2.97228,3.20092
7e+06,-7e+06,-2.87597,2.87597
7.5e+06,-7e+06,-2.76856,2.58399
8e+06,-7e+06,-2.65459,2.32277
8.5e+06,-7e+06,-2.53759,2.08978
9e+06,-7e+06,-2.42021,1.88239
9.5e+06,-7e+06,-2.30439,1.69797
1e+07,-7e+06,-2.19152,1.53407
-1e+07,-6.5e+06,2.34935,1.52708
-9.5e+06,-6.5e+06,2.48271,1.69869
-9e+06,-6.5e+06,2.62173,1.89347
-8.5e+06,-6.5e+06,2.76526,2.11461
-8e+06,-6.5e+06,2.91154,2.36562
-7.5e+06,-6.5e+06,3.05796,2.65024
-7e+06,-6.5e+06,3.20092,2.97228
-6.5e+06,-6.5e+06,3.33545,3.33545
-6e+06,-6.5e+06,3.45502,3.74294
-5.5e+06,-6.5e+06,3.55125,4.19693
-5e+06,-6.5e+06,3.61374,4.69786
-4.5e+06,-6.5e+06,3.6301,5.24347
-4e+06,-6.5e+06,3.58626,5.82767
-3.5e+06,-6.5e+06,3.46736,6.43938
-3e+06,-6.5e+06,3.25916,7.06152
-2.5e+06,-6.5e+06,2.95021,7.67055
-2e+06,-6.5e+06,2.53447,8.23704
-1.5e+06,-6.5e+06,2.01408,8.72768
-1e+06,-6.5e+06,1.40135,9.10877
-500000,-6.5e+06,0.719303,9.35094
0,-6.5e+06,-0,9.43406
500000,-6.5e+06,-0.719303,9.35094
1e+06,-6.5e+06,-1.40135,9.10877
1.5e+06,-6.5e+06,-2.01408,8.72768
2e+06,-6.5e+06,-2.53447,8.23704
2.5e+06,-6.5e+06,-2.95021,7.67055
3e+06,-6.5e+06,-3.25916,7.06152
3.5e+06,-6.5e+06,-3.46736,6.43938
4e+06,-6.5e+06,-3.58626,5.82767
4.5e+06,-6.5e+06,-3.6301,5.24347
5e+06,-6.5e+06,-3.61374,4.69786
5.5e+06,-6.5e+06,-3.55125,4.19693
6e+06,-6.5e+06,-3.45502,3.74294
6.5e+06,-6.5e+06,-3.33545,3.33545
7e+06,-6.5e+06,-3.20092,2.97228
7.5e+06,-6.5e+06,-3.05796,2.65024
8e+06,-6.5e+06,-2.91154,2.36562
8.5e+06,-6.5e+06,-2.76526,2.11461
9e+06,-6.5e+06,-2.62173,1.89347
9.5e+06,-6.5e+06,-2.48271,1.69869
1e+07,-6.5e+06,-2.34935,1.52708
-1e+07,-6e+06,2.51314,1.50789
-9.5e+06,-6e+06,2.66933,1.68589
-9e+06,-6e+06,2.83458,1.88972
-8.5e+06,-6e+06,3.00817,2.12342
-8e+06,-6e+06,3.18871,2.39154
-7.5e+06,-6e+06,3.37394,2.69915
-7e+06,-6e+06,3.56037,3.05175
-6.5e+06,-6e+06,3.74294,3.45502
-6e+06,-6e+06,3.91452,3.91452
-5.5e+06,-6e+06,4.06546,4.43504
-5e+06,-6e+06,4.18312,5.01975
-4.5e+06,-6e+06,4.25162,5.66882
-4e+06,-6e+06,4.25188,6.37781
-3.5e+06,-6e+06,4.16244,7.1356
-3e+06,-6e+06,3.96121,7.92242
-2.5e+06,-6e+06,3.62849,8.70837
-2e+06,-6e+06,3.15112,9.45337
-1.5e+06,-6e+06,2.52737,10.1095
-1e+06,-6e+06,1.77102,10.6261
-500000,-6e+06,0.913132,10.9576
0,-6e+06,-0,11.0719
500000,-6e+06,-0.913132,10.9576
1e+06,-6e+06,-1.77102,10.6261
1.5e+06,-6e+06,-2.52737,10.1095
2e+06,-6e+06,-3.15112,9.45337
2.5e+06,-6e+06,-3.62849,8.70837
3e+06,-6e+06,-3.96121,7.92242
3.5e+06,-6e+06,-4.16244,7.1356
4e+06,-6e+06,-4.25188,6.37781
4.5e+06,-6e+06,-4.25162,5.66882
5e+06,-6e+06,-4.18312,5.01975
5.5e+06,-6e+06,-4.06546,4.43504
6e+06,-6e+06,-3.91452,3.91452
6.5e+06,-6e+06,-3.74294,3.45502
7e+06,-6e+06,-3.56037,3.05175
7.5e+06,-6e+06,-3.37394,2.69915
8e+06,-6e+06,-3.18871,2.39154
8.5e+06,-6e+06,-3.00817,2.12342
9e+06,-6e+06,-2.83458,1.88972
9.5e+06,-6e+06,-2.66933,1.68589
1e+07,-6e+06,-2.51314,1.50789
-1e+07,-5.5e+06,2.68138,1.47476
-9.5e+06,-5.5e+06,2.86265,1.65732
-9e+06,-5.5e+06,3.05716,1.86826
-8.5e+06,-5.5e+06,3.26482,2.11253
-8e+06,-5.5e+06,3.48493,2.39589
-7.5e+06,-5.5e+06,3.71589,2.72498
-7e+06,-5.5e+06,3.9548,3.10734
-6.5e+06,-5.5e+06,4.19693,3.55125
-6e+06,-5.5e+06,4.43504,4.06546
-5.5e+06,-5.5e+06,4.6586,4.6586
-5e+06,-5.5e+06,4.85285,5.33814
-4.5e+06,-5.5e+06,4.99805,6.10873
-4e+06,-5.5e+06,5.06895,6.9698
-3.5e+06,-5.5e+06,5.03512,7.91234
-3e+06,-5.5e+06,4.86281,8.91515
-2.5e+06,-5.5e+06,4.51883,9.94143
-2e+06,-5.5e+06,3.97708,10.937
-1.5e+06,-5.5e+06,3.22695,11.8321
-1e+06,-5.5e+06,2.28166,12.5491
-500000,-5.5e+06,1.18317,13.0148
0,-5.5e+06,-0,13.1765
500000,-5.5e+06,-1.18317,13.0148
1e+06,-5.5e+06,-2.28166,12.5491
1.5e+06,-5.5e+06,-3.22695,11.8321
2e+06,-5.5e+06,-3.97708,10.937
2.5e+06,-5.5e+06,-4.51883,9.94143
3e+06,-5.5e+06,-4.86281,8.91515
3.5e+06,-5.5e+06,-5.03512,7.91234
4e+06,-5.5e+06,-5.06895,6.9698
4.5e+06,-5.5e+06,-4.99805,6.10873
5e+06,-5.5e+06,-4.85285,5.33814
5.5e+06,-5.5e+06,-4.6586,4.6586
6e+06,-5.5e+06,-4.43504,4.06546
6.5e+06,-5.5e+06,-4.19693,3.55125
7e+06,-5.5e+06,-3.9548,3.10734
7.5e+06,-5.5e+06,-3.71589,2.72498
8e+06,-5.5e+06,-3.48493,2.39589
8.5e+06,-5.5e+06,-3.26482,2.11253
9e+06,-5.5e+06,-3.05716,1.86826
9.5e+06,-5.5e+06,-2.86265,1.65732
1e+07,-5.5e+06,-2.68138,1.47476
-1e+07,-5e+06,2.85207,1.42604
-9.5e+06,-5e+06,3.06047,1.61077
-9e+06,-5e+06,3.28707,1.82615
-8.5e+06,-5e+06,3.53273,2.07807
-8e+06,-5e+06,3.79779,2.37362
-7.5e+06,-5e+06,4.0818,2.7212
-7e+06,-5e+06,4.38305,3.13075
-6.5e+06,-5e+06,4.69786,3.61374
-6e+06,-5e+06,5.01975,4.18312
-5.5e+06,-5e+06,5.33814,4.85285
-5e+06,-5e+06,5.6369,5.6369
-4.5e+06,-5e+06,5.89264,6.54738
-4e+06,-5e+06,6.07309,7.59136
-3.5e+06,-5e+06,6.13627,8.76609
-3e+06,-5e+06,6.03154,10.0526
-2.5e+06,-5e+06,5.70414,11.4083
-2e+06,-5e+06,5.10456,12.7614
-1.5e+06,-5e+06,4.20307,14.0102
-1e+06,-5e+06,3.00653,15.0326
-500000,-5e+06,1.57074,15.7074
0,-5e+06,-0,15.9436
500000,-5e+06,-1.57074,15.7074
1e+06,-5e+06,-3.00653,15.0326
1.5e+06,-5e+06,-4.20307,14.0102
2e+06,-5e+06,-5.10456,12.7614
2.5e+06,-5e+06,-5.70414,11.4083
3e+06,-5e+06,-6.03154,10.0526
3.5e+06,-5e+06,-6.13627,8.76609
4e+06,-5e+06,-6.07309,7.59136
4.5e+06,-5e+06,-5.89264,6.54738
5e+06,-5e+06,-5.6369,5.6369
5.5e+06,-5e+06,-5.33814,4.85285
6e+06,-5e+06,-5.01975,4.18312
6.5e+06,-5e+06,-4.69786,3.61374
7e+06,-5e+06,-4.38305,3.13075
7.5e+06,-5e+06,-4.0818,2.7212
8e+06,-5e+06,-3.79779,2.37362
8.5e+06,-5e+06,-3.53273,2.07807
9e+06,-5e+06,-3.28707,1.82615
9.5e+06,-5e+06,-3.06047,1.61077
1e+07,-5e+06,-2.85207,1.42604
-1e+07,-4.5e+06,3.02272,1.36022
-9.5e+06,-4.5e+06,3.25991,1.54417
-9e+06,-4.5e+06,3.52108,1.76054
-8.5e+06,-4.5e+06,3.80831,2.01616
-8e+06,-4.5e+06,4.12345,2.31944
-7.5e+06,-4.5e+06,4.46781,2.68069
-7e+06,-4.5e+06,4.84166,3.11249
-6.5e+06,-4.5e+06,5.24347,3.6301
-6e+06,-4.5e+06,5.66882,4.25162
-5.5e+06,-4.5e+06,6.10873,4.99805
-5e+06,-4.5e+06,6.54738,5.89264
-4.5e+06,-4.5e+06,6.95914,6.95914
-4e+06,-4.5e+06,7.30506,8.21819
-3.5e+06,-4.5e+06,7.52954,9.68084
-3e+06,-4.5e+06,7.55889,11.3383
-2.5e+06,-4.5e+06,7.3046,13.1483
-2e+06,-4.5e+06,6.67556,15.02
-1.5e+06,-4.5e+06,5.602,16.806
-1e+06,-4.5e+06,4.06899,18.3105
-500000,-4.5e+06,2.14716,19.3245
0,-4.5e+06,-0,19.6834
500000,-4.5e+06,-2.14716,19.3245
1e+06,-4.5e+06,-4.06899,18.3105
1.5e+06,-4.5e+06,-5.602,16.806
2e+06,-4.5e+06,-6.67556,15.02
2.5e+06,-4.5e+06,-7.3046,13.1483
3e+06,-4.5e+06,-7.55889,11.3383
3.5e+06,-4.5e+06,-7.52954,9.68084
4e+06,-4.5e+06,-7.30506,8.21819
4.5e+06,-4.5e+06,-6.95914,6.95914
5e+06,-4.5e+06,-6.54738,5.89264
5.5e+06,-4.5e+06,-6.10873,4.99805
6e+06,-4.5e+06,-5.66882,4.25162
6.5e+06,-4.5e+06,-5.24347,3.6301
7e+06,-4.5e+06,-4.84166,3.11249
7.5e+06,-4.5e+06,-4.46781,2.68069
8e+06,-4.5e+06,-4.12345,2.31944
8.5e+06,-4.5e+06,-3.80831,2.01616
9e+06,-4.5e+06,-3.52108,1.76054
9.5e+06,-4.5e+06,-3.25991,1.54417
1e+07,-4.5e+06,-3.02272,1.36022
-1e+07,-4e+06,3.19035,1.27614
-9.5e+06,-4e+06,3.45745,1.45577
-9e+06,-4e+06,3.755,1.66889
-8.5e+06,-4e+06,4.0867,1.92315
-8e+06,-4e+06,4.45636,2.22818
-7.5e+06,-4e+06,4.86777,2.59614
-7e+06,-4e+06,5.32419,3.04239
-6.5e+06,-4e+06,5.82767,3.58626
-6e+06,-4e+06,6.37781,4.25188
-5.5e+06,-4e+06,6.9698,5.06895
-5e+06,-4e+06,7.59136,6.07309
-4.5e+06,-4e+06,8.21819,7.30506
-4e+06,-4e+06,8.80766,8.80766
-3.5e+06,-4e+06,9.29107,10.6184
-3e+06,-4e+06,9.56614,12.7549
-2.5e+06,-4e+06,9.49447,15.1911
-2e+06,-4e+06,8.91273,17.8255
-1.5e+06,-4e+06,7.66871,20.4499
-1e+06,-4e+06,5.68659,22.7464
-500000,-4e+06,3.04239,24.3392
0,-4e+06,-0,24.9118
500000,-4e+06,-3.04239,24.3392
1e+06,-4e+06,-5.68659,22.7464
1.5e+06,-4e+06,-7.66871,20.4499
2e+06,-4e+06,-8.91273,17.8255
2.5e+06,-4e+06,-9.49447,15.1911
3e+06,-4e+06,-9.56614,12.7549
3.5e+06,-4e+06,-9.29107,10.6184
4e+06,-4e+06,-8.80766,8.80766
4.5e+06,-4e+06,-8.21819,7.30506
5e+06,-4e+06,-7.59136,6.07309
5.5e+06,-4e+06,-6.9698,5.06895
6e+06,-4e+06,-6.37781,4.25188
6.5e+06,-4e+06,-5.82767,3.58626
7e+06,-4e+06,-5.32419,3.04239
7.5e+06,-4e+06,-4.86777,2.59614
8e+06,-4e+06,-4.45636,2.22818
8.5e+06,-4e+06,-4.0867,1.92315
9e+06,-4e+06,-3.755,1.66889
9.5e+06,-4e+06,-3.45745,1.45577
1e+07,-4e+06,-3.19035,1.27614
-1e+07,-3.5e+06,3.35155,1.17304
-9.5e+06,-3.5e+06,3.64891,1.34434
-9e+06,-3.5e+06,3.98377,1.54925
-8.5e+06,-3.5e+06,4.36174,1.79601
-8e+06,-3.5e+06,4.78912,2.09524
-7.5e+06,-3.5e+06,5.27292,2.46069
-7e+06,-3.5e+06,5.82056,2.91028
-6.5e+06,-3.5e+06,6.43938,3.46736
-6e+06,-3.5e+06,7.1356,4.16244
-5.5e+06,-3.5e+06,7.91234,5.03512
-5e+06,-3.5e+06,8.76609,6.13627
-4.5e+06,-3.5e+06,9.68084,7.52954
-4e+06,-3.5e+06,10.6184,9.29107
-3.5e+06,-3.5e+06,11.5039,11.5039
-3e+06,-3.5e+06,12.207,14.2415
-2.5e+06,-3.5e+06,12.523,17.5322
-2e+06,-3.5e+06,12.1696,21.2968
-1.5e+06,-3.5e+06,10.8284,25.2663
-1e+06,-3.5e+06,8.26422,28.9248
-500000,-3.5e+06,4.50952,31.5667
0,-3.5e+06,-0,32.5379
500000,-3.5e+06,-4.50952,31.5667
1e+06,-3.5e+06,-8.26422,28.9248
1.5e+06,-3.5e+06,-10.8284,25.2663
2e+06,-3.5e+06,-12.1696,21.2968
2.5e+06,-3.5e+06,-12.523,17.5322
3e+06,-3.5e+06,-12.207,14.2415
3.5e+06,-3.5e+06,-11.5039,11.5039
4e+06,-3.5e+06,-10.6184,9.29107
4.5e+06,-3.5e+06,-9.68084,7.52954
5e+06,-3.5e+06,-8.76609,6.13627
5.5e+06,-3.5e+06,-7.91234,5.03512
6e+06,-3.5e+06,-7.1356,4.16244
6.5e+06,-3.5e+06,-6.43938,3.46736
7e+06,-3.5e+06,-5.82056,2.91028
7.5e+06,-3.5e+06,-5.27292,2.46069
8e+06,-3.5e+06,-4.78912,2.09524
8.5e+06,-3.5e+06,-4.36174,1.79601
9e+06,-3.5e+06,-3.98377,1.54925
9.5e+06,-3.5e+06,-3.64891,1.34434
1e+07,-3.5e+06,-3.35155,1.17304
-1e+07,-3e+06,3.50256,1.05077
-9.5e+06,-3e+06,3.8296,1.20935
-9e+06,-3e+06,4.2015,1.4005
-8.5e+06,-3e+06,4.62604,1.63272
-8e+06,-3e+06,5.11248,1.91718
-7.5e+06,-3e+06,5.67174,2.26869
-7e+06,-3e+06,6.31657,2.7071
-6.5e+06,-3e+06,7.06152,3.25916
-6e+06,-3e+06,7.92242,3.96121
-5.5e+06,-3e+06,8.91515,4.86281
-5e+06,-3e+06,10.0526,6.03154
-4.5e+06,-3e+06,11.3383,7.55889
-4e+06,-3e+06,12.7549,9.56614
-3.5e+06,-3e+06,14.2415,12.207
-3e+06,-3e+06,15.6581,15.6581
-2.5e+06,-3e+06,16.7325,20.079
-2e+06,-3e+06,17.0075,25.5113
-1.5e+06,-3e+06,15.8448,31.6897
-1e+06,-3e+06,12.6045,37.8135
-500000,-3e+06,7.08407,42.5044
0,-3e+06,-0,44.2877
500000,-3e+06,-7.08407,42.5044
1e+06,-3e+06,-12.6045,37.8135
1.5e+06,-3e+06,-15.8448,31.6897
2e+06,-3e+06,-17.0075,25.5113
2.5e+06,-3e+06,-16.7325,20.079
3e+06,-3e+06,-15.6581,15.6581
3.5e+06,-3e+06,-14.2415,12.207
4e+06,-3e+06,-12.7549,9.56614
4.5e+06,-3e+06,-11.3383,7.55889
5e+06,-3e+06,-10.0526,6.03154
5.5e+06,-3e+06,-8.91515,4.86281
6e+06,-3e+06,-7.92242,3.96121
6.5e+06,-3e+06,-7.06152,3.25916
7e+06,-3e+06,-6.31657,2.7071
7.5e+06,-3e+06,-5.67174,2.26869
8e+06,-3e+06,-5.11248,1.91718
8.5e+06,-3e+06,-4.62604,1.63272
9e+06,-3e+06,-4.2015,1.4005
9.5e+06,-3e+06,-3.8296,1.20935
1e+07,-3e+06,-3.50256,1.05077
-1e+07,-2.5e+06,3.63942,0.909855
-9.5e+06,-2.5e+06,3.99446,1.05117
-9e+06,-2.5e+06,4.40169,1.22269
-8.5e+06,-2.5e+06,4.87124,1.43272
-8e+06,-2.5e+06,5.41559,1.69237
-7.5e+06,-2.5e+06,6.05016,2.01672
-7e+06,-2.5e+06,6.79399,2.42643
-6.5e+06,-2.5e+06,7.67055,2.95021
-6e+06,-2.5e+06,8.70837,3.62849
-5.5e+06,-2.5e+06,9.94143,4.51883
-5e+06,-2.5e+06,11.4083,5.70414
-4.5e+06,-2.5e+06,13.1483,7.3046
-4e+06,-2.5e+06,15.1911,9.49447
-3.5e+06,-2.5e+06,17.5322,12.523
-3e+06,-2.5e+06,20.079,16.7325
-2.5e+06,-2.5e+06,22.5476,22.5476
-2e+06,-2.5e+06,24.2924,30.3655
-1.5e+06,-2.5e+06,24.1262,40.2103
-1e+06,-2.5e+06,20.4182,51.0456
-500000,-2.5e+06,12.0261,60.1306
0,-2.5e+06,-0,63.7743
500000,-2.5e+06,-12.0261,60.1306
1e+06,-2.5e+06,-20.4182,51.0456
1.5e+06,-2.5e+06,-24.1262,40.2103
2e+06,-2.5e+06,-24.2924,30.3655
2.5e+06,-2.5e+06,-22.5476,22.5476
3e+06,-2.5e+06,-20.079,16.7325
3.5e+06,-2.5e+06,-17.5322,12.523
4e+06,-2.5e+06,-15.1911,9.49447
4.5e+06,-2.5e+06,-13.1483,7.3046
5e+06,-2.5e+06,-11.4083,5.70414
5.5e+06,-2.5e+06,-9.94143,4.51883
6e+06,-2.5e+06,-8.70837,3.62849
6.5e+06,-2.5e+06,-7.67055,2.95021
7e+06,-2.5e+06,-6.79399,2.42643
7.5e+06,-2.5e+06,-6.05016,2.01672
8e+06,-2.5e+06,-5.41559,1.69237
8.5e+06,-2.5e+06,-4.87124,1.43272
9e+06,-2.5e+06,-4.40169,1.22269
9.5e+06,-2.5e+06,-3.99446,1.05117
1e+07,-2.5e+06,-3.63942,0.909855
-1e+07,-2e+06,3.75816,0.751632
-9.5e+06,-2e+06,4.13835,0.871231
-9e+06,-2e+06,4.57762,1.01725
-8.5e+06,-2e+06,5.08844,1.19728
-8e+06,-2e+06,5.68659,1.42165
-7.5e+06,-2e+06,6.39221,1.70459
-7e+06,-2e+06,7.23119,2.06605
-6.5e+06,-2e+06,8.23704,2.53447
-6e+06,-2e+06,9.45337,3.15112
-5.5e+06,-2e+06,10.937,3.97708
-5e+06,-2e+06,12.7614,5.10456
-4.5e+06,-2e+06,15.02,6.67556
-4e+06,-2e+06,17.8255,8.91273
-3.5e+06,-2e+06,21.2968,12.1696
-3e+06,-2e+06,25.5113,17.0075
-2.5e+06,-2e+06,30.3655,24.2924
-2e+06,-2e+06,35.2306,35.2306
-1.5e+06,-2e+06,38.2646,51.0194
-1e+06,-2e+06,35.6509,71.3018
-500000,-2e+06,22.7464,90.9855
0,-2e+06,-0,99.6473
500000,-2e+06,-22.7464,90.9855
1e+06,-2e+06,-35.6509,71.3018
1.5e+06,-2e+06,-38.2646,51.0194
2e+06,-2e+06,-35.2306,35.2306
2.5e+06,-2e+06,-30.3655,24.2924
3e+06,-2e+06,-25.5113,17.0075
3.5e+06,-2e+06,-21.2968,12.1696
4e+06,-2e+06,-17.8255,8.91273
4.5e+06,-2e+06,-15.02,6.67556
5e+06,-2e+06,-12.7614,5.10456
5.5e+06,-2e+06,-10.937,3.97708
6e+06,-2e+06,-9.45337,3.15112
6.5e+06,-2e+06,-8.23704,2.53447
7e+06,-2e+06,-7.23119,2.06605
7.5e+06,-2e+06,-6.39221,1.70459
8e+06,-2e+06,-5.68659,1.42165
8.5e+06,-2e+06,-5.08844,1.19728
9e+06,-2e+06,-4.57762,1.01725
9.5e+06,-2e+06,-4.13835,0.871231
1e+07,-2e+06,-3.75816,0.751632
-1e+07,-1.5e+06,3.85505,0.578258
-9.5e+06,-1.5e+06,4.25634,0.672054
-9e+06,-1.5e+06,4.72271,0.787119
-8.5e+06,-1.5e+06,5.26878,0.929785
-8e+06,-1.5e+06,5.91339,1.10876
-7.5e+06,-1.5e+06,6.68118,1.33624
-7e+06,-1.5e+06,7.60471,1.62958
-6.5e+06,-1.5e+06,8.72768,2.01408
-6e+06,-1.5e+06,10.1095,2.52737
-5.5e+06,-1.5e+06,11.8321,3.22695
-5e+06,-1.5e+06,14.0102,4.20307
-4.5e+06,-1.5e+06,16.806,5.602
-4e+06,-1.5e+06,20.4499,7.66871
-3.5e+06,-1.5e+06,25.2663,10.8284
-3e+06,-1.5e+06,31.6897,15.8448
-2.5e+06,-1.5e+06,40.2103,24.1262
-2e+06,-1.5e+06,51.0194,38.2646
-1.5e+06,-1.5e+06,62.6322,62.6322
-1e+06,-1.5e+06,68.03,102.045
-500000,-1.5e+06,50.418,151.254
0,-1.5e+06,-0,177.151
500000,-1.5e+06,-50.418,151.254
1e+06,-1.5e+06,-68.03,102.045
1.5e+06,-1.5e+06,-62.6322,62.6322
2e+06,-1.5e+06,-51.0194,38.2646
2.5e+06,-1.5e+06,-40.2103,24.1262
3e+06,-1.5e+06,-31.6897,15.8448
3.5e+06,-1.5e+06,-25.2663,10.8284
4e+06,-1.5e+06,-20.4499,7.66871
4.5e+06,-1.5e+06,-16.806,5.602
5e+06,-1.5e+06,-14.0102,4.20307
5.5e+06,-1.5e+06,-11.8321,3.22695
6e+06,-1.5e+06,-10.1095,2.52737
6.5e+06,-1.5e+06,-8.72768,2.01408
7e+06,-1.5e+06,-7.60471,1.62958
7.5e+06,-1.5e+06,-6.68118,1.33624
8e+06,-1.5e+06,-5.91339,1.10876
8.5e+06,-1.5e+06,-5.26878,0.929785
9e+06,-1.5e+06,-4.72271,0.787119
9.5e+06,-1.5e+06,-4.25634,0.672054
1e+07,-1.5e+06,-3.85505,0.578258
-1e+07,-1e+06,3.92684,0.392684
-9.5e+06,-1e+06,4.3441,0.457274
-9e+06,-1e+06,4.83111,0.53679
-8.5e+06,-1e+06,5.40422,0.635791
-8e+06,-1e+06,6.08479,0.760599
-7.5e+06,-1e+06,6.90118,0.920158
-7e+06,-1e+06,7.89166,1.12738
-6.5e+06,-1e+06,9.10877,1.40135
-6e+06,-1e+06,10.6261,1.77102
-5.5e+06,-1e+06,12.5491,2.28166
-5e+06,-1e+06,15.0326,3.00653
-4.5e+06,-1e+06,18.3105,4.06899
-4e+06,-1e+06,22.7464,5.68659
-3.5e+06,-1e+06,28.9248,8.26422
-3e+06,-1e+06,37.8135,12.6045
-2.5e+06,-1e+06,51.0456,20.4182
-2e+06,-1e+06,71.3018,35.6509
-1.5e+06,-1e+06,102.045,68.03
-1e+06,-1e+06,140.923,140.923
-500000,-1e+06,142.604,285.207
0,-1e+06,-0,398.589
500000,-1e+06,-142.604,285.207
1e+06,-1e+06,-140.923,140.923
1.5e+06,-1e+06,-102.045,68.03
2e+06,-1e+06,-71.3018,35.6509
2.5e+06,-1e+06,-51.0456,20.4182
3e+06,-1e+06,-37.8135,12.6045
3.5e+06,-1e+06,-28.9248,8.26422
4e+06,-1e+06,-22.7464,5.68659
4.5e+06,-1e+06,-18.3105,4.06899
5e+06,-1e+06,-15.0326,3.00653
5.5e+06,-1e+06,-12.5491,2.28166
6e+06,-1e+06,-10.6261,1.77102
6.5e+06,-1e+06,-9.10877,1.40135
7e+06,-1e+06,-7.89166,1.12738
7.5e+06,-1e+06,-6.90118,0.920158
8e+06,-1e+06,-6.08479,0.760599
8.5e+06,-1e+06,-5.40422,0.635791
9e+06,-1e+06,-4.83111,0.53679
9.5e+06,-1e+06,-4.3441,0.457274
1e+07,-1e+06,-3.92684,0.392684
-1e+07,-500000,3.97099,0.19855
-9.5e+06,-500000,4.39821,0.231485
-9e+06,-500000,4.89816,0.27212
-8.5e+06,-500000,5.48829,0.322841
-8e+06,-500000,6.19164,0.386978
-7.5e+06,-500000,7.03905,0.46927
-7e+06,-500000,8.07261,0.576615
-6.5e+06,-500000,9.35094,0.719303
-6e+06,-500000,10.9576,0.913132
-5.5e+06,-500000,13.0148,1.18317
-5e+06,-500000,15.7074,1.57074
-4.5e+06,-500000,19.3245,2.14716
-4e+06,-500000,24.3392,3.04239
-3.5e+06,-500000,31.5667,4.50952
-3e+06,-500000,42.5044,7.08407
-2.5e+06,-500000,60.1306,12.0261
-2e+06,-500000,90.9855,22.7464
-1.5e+06,-500000,151.254,50.418
-1e+06,-500000,285.207,142.604
-500000,-500000,563.69,563.69
0,-500000,-0,1594.36
500000,-500000,-563.69,563.69
1e+06,-500000,-285.207,142.604
1.5e+06,-500000,-151.254,50.418
2e+06,-500000,-90.9855,22.7464
2.5e+06,-500000,-60.1306,12.0261
3e+06,-500000,-42.5044,7.08407
3.5e+06,-500000,-31.5667,4.50952
4e+06,-500000,-24.3392,3.04239
4.5e+06,-500000,-19.3245,2.14716
5e+06,-500000,-15.7074,1.57074
5.5e+06,-500000,-13.0148,1.18317
6e+06,-500000,-10.9576,0.913132
6.5e+06,-500000,-9.35094,0.719303
7e+06,-500000,-8.07261,0.576615
7.5e+06,-500000,-7.03905,0.46927
8e+06,-500000,-6.19164,0.386978
8.5e+06,-500000,-5.48829,0.322841
9e+06,-500000,-4.89816,0.27212
9.5e+06,-500000,-4.39821,0.231485
1e+07,-500000,-3.97099,0.19855
-1e+07,0,3.98589,-0
-9.5e+06,0,4.4165,-0
-9e+06,0,4.92085,-0
-8.5e+06,0,5.51681,-0
-8e+06,0,6.22796,-0
-7.5e+06,0,7.08603,-0
-7e+06,0,8.13447,-0
-6.5e+06,0,9.43406,-0
-6e+06,0,11.0719,-0
-5.5e+06,0,13.1765,-0
-5e+06,0,15.9436,-0
-4.5e+06,0,19.6834,-0
-4e+06,0,24.9118,-0
-3.5e+06,0,32.5379,-0
-3e+06,0,44.2877,-0
-2.5e+06,0,63.7743,-0
-2e+06,0,99.6473,-0
-1.5e+06,0,177.151,-0
-1e+06,0,398.589,-0
-500000,0,1594.36,-0
500000,0,-1594.36,-0
1e+06,0,-398.589,-0
1.5e+06,0,-177.151,-0
2e+06,0,-99.6473,-0
2.5e+06,0,-63.7743,-0
3e+06,0,-44.2877,-0
3.5e+06,0,-32.5379,-0
4e+06,0,-24.9118,-0
4.5e+06,0,-19.6834,-0
5e+06,0,-15.9436,-0
5.5e+06,0,-13.1765,-0
6e+06,0,-11.0719,-0
6.5e+06,0,-9.43406,-0
7e+06,0,-8.13447,-0
7.5e+06,0,-7.08603,-0
8e+06,0,-6.22796,-0
8.5e+06,0,-5.51681,-0
9e+06,0,-4.92085,-0
9.5e+06,0,-4.4165,-0
1e+07,0,-3.98589,-0
-1e+07,500000,3.97099,-0.19855
-9.5e+06,500000,4.39821,-0.231485
-9e+06,500000,4.89816,-0.27212
-8.5e+06,500000,5.48829,-0.322841
-8e+06,500000,6.19164,-0.386978
-7.5e+06,500000,7.03905,-0.46927
-7e+06,500000,8.07261,-0.576615
-6.5e+06,500000,9.35094,-0.719303
-6e+06,500000,10.9576,-0.913132
-5.5e+06,500000,13.0148,-1.18317
-5e+06,500000,15.7074,-1.57074
-4.5e+06,500000,19.3245,-2.14716
-4e+06,500000,24.3392,-3.04239
-3.5e+06,500000,31.5667,-4.50952
-3e+06,500000,42.5044,-7.08407
-2.5e+06,500000,60.1306,-12.0261
-2e+06,500000,90.9855,-22.7464
-1.5e+06,500000,151.254,-50.418
-1e+06,500000,285.207,-142.604
-500000,500000,563.69,-563.69
0,500000,-0,-1594.36
500000,500000,-563.69,-563.69
1e+06,500000,-285.207,-142.604
1.5e+06,500000,-151.254,-50.418
2e+06,500000,-90.9855,-22.7464
2.5e+06,500000,-60.1306,-12.0261
3e+06,500000,-42.5044,-7.08407
3.5e+06,500000,-31.5667,-4.50952
4e+06,500000,-24.3392,-3.04239
4.5e+06,500000,-19.3245,-2.14716
5e+06,500000,-15.7074,-1.57074
5.5e+06,500000,-13.0148,-1.18317
6e+06,500000,-10.9576,-0.913132
6.5e+06,500000,-9.35094,-0.719303
7e+06,500000,-8.07261,-0.576615
7.5e+06,500000,-7.03905,-0.46927
8e+06,500000,-6.19164,-0.386978
8.5e+06,500000,-5.48829,-0.322841
9e+06,500000,-4.89816,-0.27212
9.5e+06,500000,-4.39821,-0.231485
1e+07,500000,-3.97099,-0.19855
-1e+07,1e+06,3.92684,-0.392684
-9.5e+06,1e+06,4.3441,-0.457274
-9e+06,1e+06,4.83111,-0.53679
-8.5e+06,1e+06,5.40422,-0.635791
-8e+06,1e+06,6.08479,-0.760599
-7.5e+06,1e+06,6.90118,-0.920158
-7e+06,1e+06,7.89166,-1.12738
-6.5e+06,1e+06,9.10877,-1.40135
-6e+06,1e+06,10.6261,-1.77102
-5.5e+06,1e+06,12.5491,-2.28166
-5e+06,1e+06,15.0326,-3.00653
-4.5e+06,1e+06,18.3105,-4.06899
-4e+06,1e+06,22.7464,-5.68659
-3.5e+06,1e+06,28.9248,-8.26422
-3e+06,1e+06,37.8135,-12.6045
-2.5e+06,1e+06,51.0456,-20.4182
-2e+06,1e+06,71.3018,-35.6509
-1.5e+06,1e+06,102.045,-68.03
-1e+06,1e+06,140.923,-140.923
-500000,1e+06,142.604,-285.207
0,1e+06,-0,-398.589
500000,1e+06,-142.604,-285.207
1e+06,1e+06,-140.923,-140.923
1.5e+06,1e+06,-102.045,-68.03
2e+06,1e+06,-71.3018,-35.6509
2.5e+06,1e+06,-51.0456,-20.4182
3e+06,1e+06,-37.8135,-12.6045
3.5e+06,1e+06,-28.9248,-8.26422
4e+06,1e+06,-22.7464,-5.68659
4.5e+06,1e+06,-18.3105,-4.06899
5e+06,1e+06,-15.0326,-3.00653
5.5e+06,1e+06,-12.5491,-2.28166
6e+06,1e+06,-10.6261,-1.77102
6.5e+06,1e+06,-9.10877,-1.40135
7e+06,1e+06,-7.89166,-1.12738
7.5e+06,1e+06,-6.90118,-0.920158
8e+06,1e+06,-6.08479,-0.760599
8.5e+06,1e+06,-5.40422,-0.635791
9e+06,1e+06,-4.83111,-0.53679
9.5e+06,1e+06,-4.3441,-0.457274
1e+07,1e+06,-3.92684,-0.392684
-1e+07,1.5e+06,3.85505,-0.578258
-9.5e+06,1.5e+06,4.25634,-0.672054
-9e+06,1.5e+06,4.72271,-0.787119
-8.5e+06,1.5e+06,5.26878,-0.929785
-8e+06,1.5e+06,5.91339,-1.10876
-7.5e+06,1.5e+06,6.68118,-1.33624
-7e+06,1.5e+06,7.60471,-1.62958
-6.5e+06,1.5e+06,8.72768,-2.01408
-6e+06,1.5e+06,10.1095,-2.52737
-5.5e+06,1.5e+06,11.8321,-3.22695
-5e+06,1.5e+06,14.0102,-4.20307
-4.5e+06,1.5e+06,16.806,-5.602
-4e+06,1.5e+06,20.4499,-7.66871
-3.5e+06,1.5e+06,25.2663,-10.8284
-3e+06,1.5e+06,31.6897,-15.8448
-2.5e+06,1.5e+06,40.2103,-24.1262
-2e+06,1.5e+06,51.0194,-38.2646
-1.5e+06,1.5e+06,62.6322,-62.6322
-1e+06,1.5e+06,68.03,-102.045
-500000,1.5e+06,50.418,-151.254
0,1.5e+06,-0,-177.151
500000,1.5e+06,-50.418,-151.254
1e+06,1.5e+06,-68.03,-102.045
1.5e+06,1.5e+06,-62.6322,-62.6322
2e+06,1.5e+06,-51.0194,-38.2646
2.5e+06,1.5e+06,-40.2103,-24.1262
3e+06,1.5e+06,-31.6897,-15.8448
3.5e+06,1.5e+06,-25.2663,-10.8284
4e+06,1.5e+06,-20.4499,-7.66871
4.5e+06,1.5e+06,-16.806,-5.602
5e+06,1.5e+06,-14.0102,-4.20307
5.5e+06,1.5e+06,-11.8321,-3.22695
6e+06,1.5e+06,-10.1095,-2.52737
6.5e+06,1.5e+06,-8.72768,-2.01408
7e+06,1.5e+06,-7.60471,-1.62958
7.5e+06,1.5e+06,-6.68118,-1.33624
8e+06,1.5e+06,-5.91339,-1.10876
8.5e+06,1.5e+06,-5.26878,-0.929785
9e+06,1.5e+06,-4.72271,-0.787119
9.5e+06,1.5e+06,-4.25634,-0.672054
1e+07,1.5e+06,-3.85505,-0.578258
-1e+07,2e+06,3.75816,-0.751632
-9.5e+06,2e+06,4.13835,-0.871231
-9e+06,2e+06,4.57762,-1.01725
-8.5e+06,2e+06,5.08844,-1.19728
-8e+06,2e+06,5.68659,-1.42165
-7.5e+06,2e+06,6.39221,-1.70459
-7e+06,2e+06,7.23119,-2.06605
-6.5e+06,2e+06,8.23704,-2.53447
-6e+06,2e+06,9.45337,-3.15112
-5.5e+06,2e+06,10.937,-3.97708
-5e+06,2e+06,12.7614,-5.10456
-4.5e+06,2e+06,15.02,-6.67556
-4e+06,2e+06,17.8255,-8.91273
-3.5e+06,2e+06,21.2968,-12.1696
-3e+06,2e+06,25.5113,-17.0075
-2.5e+06,2e+06,30.3655,-24.2924
-2e+06,2e+06,35.2306,-35.2306
-1.5e+06,2e+06,38.2646,-51.0194
-1e+06,2e+06,35.6509,-71.3018
-500000,2e+06,22.7464,-90.9855
0,2e+06,-0,-99.6473
500000,2e+06,-22.7464,-90.9855
1e+06,2e+06,-35.6509,-71.3018
1.5e+06,2e+06,-38.2646,-51.0194
2e+06,2e+06,-35.2306,-35.2306
2.5e+06,2e+06,-30.3655,-24.2924
3e+06,2e+06,-25.5113,-17.0075
3.5e+06,2e+06,-21.2968,-12.1696
4e+06,2e+06,-17.8255,-8.91273
4.5e+06,2e+06,-15.02,-6.67556
5e+06,2e+06,-12.7614,-5.10456
5.5e+06,2e+06,-10.937,-3.97708
6e+06,2e+06,-9.45337,-3.15112
6.5e+06,2e+06,-8.23704,-2.53447
7e+06,2e+06,-7.23119,-2.06605
7.5e+06,2e+06,-6.39221,-1.70459
8e+06,2e+06,-5.68659,-1.42165
8.5e+06,2e+06,-5.08844,-1.19728
9e+06,2e+06,-4.57762,-1.01725
9.5e+06,2e+06,-4.13835,-0.871231
1e+07,2e+06,-3.75816,-0.751632
-1e+07,2.5e+06,3.63942,-0.909855
-9.5e+06,2.5e+06,3.99446,-1.05117
-9e+06,2.5e+06,4.40169,-1.22269
-8.5e+06,2.5e+06,4.87124,-1.43272
-8e+06,2.5e+06,5.41559,-1.69237
-7.5e+06,2.5e+06,6.05016,-2.01672
-7e+06,2.5e+06,6.79399,-2.42643
-6.5e+06,2.5e+06,7.67055,-2.95021
-6e+06,2.5e+06,8.70837,-3.62849
-5.5e+06,2.5e+06,9.94143,-4.51883
-5e+06,2.5e+06,11.4083,-5.70414
-4.5e+06,2.5e+06,13.1483,-7.3046
-4e+06,2.5e+06,15.1911,-9.49447
-3.5e+06,2.5e+06,17.5322,-12.523
-3e+06,2.5e+06,20.079,-16.7325
-2.5e+06,2.5e+06,22.5476,-22.5476
-2e+06,2.5e+06,24.2924,-30.3655
-1.5e+06,2.5e+06,24.1262,-40.2103
-1e+06,2.5e+06,20.4182,-51.0456
-500000,2.5e+06,12.0261,-60.1306
0,2.5e+06,-0,-63.7743
500000,2.5e+06,-12.0261,-60.1306
1e+06,2.5e+06,-20.4182,-51.0456
1.5e+06,2.5e+06,-24.1262,-40.2103
2e+06,2.5e+06,-24.2924,-30.3655
2.5e+06,2.5e+06,-22.5476,-22.5476
3e+06,2.5e+06,-20.079,-16.7325
3.5e+06,2.5e+06,-17.5322,-12.523
4e+06,2.5e+06,-15.1911,-9.49447
4.5e+06,2.5e+06,-13.1483,-7.3046
5e+06,2.5e+06,-11.4083,-5.70414
5.5e+06,2.5e+06,-9.94143,-4.51883
6e+06,2.5e+06,-8.70837,-3.62849
6.5e+06,2.5e+06,-7.67055,-2.95021
7e+06,2.5e+06,-6.79399,-2.42643
7.5e+06,2.5e+06,-6.05016,-2.01672
8e+06,2.5e+06,-5.41559,-1.69237
8.5e+06,2.5e+06,-4.87124,-1.43272
9e+06,2.5e+06,-4.40169,-1.22269
9.5e+06,2.5e+06,-3.99446,-1.05117
1e+07,2.5e+06,-3.63942,-0.909855
-1e+07,3e+06,3.50256,-1.05077
-9.5e+06,3e+06,3.8296,-1.20935
-9e+06,3e+06,4.2015,-1.4005
-8.5e+06,3e+06,4.62604,-1.63272
-8e+06,3e+06,5.11248,-1.91718
-7.5e+06,3e+06,5.67174,-2.26869
-7e+06,3e+06,6.31657,-2.7071
-6.5e+06,3e+06,7.06152,-3.25916
-6e+06,3e+06,7.92242,-3.96121
-5.5e+06,3e+06,8.91515,-4.86281
-5e+06,3e+06,10.0526,-6.03154
-4.5e+06,3e+06,11.3383,-7.55889
-4e+06,3e+06,12.7549,-9.56614
-3.5e+06,3e+06,14.2415,-12.207
-3e+06,3e+06,15.6581,-15.6581
-2.5e+06,3e+06,16.7325,-20.079
-2e+06,3e+06,17.0075,-25.5113
-1.5e+06,3e+06,15.8448,-31.6897
-1e+06,3e+06,12.6045,-37.8135
-500000,3e+06,7.08407,-42.5044
0,3e+06,-0,-44.2877
500000,3e+06,-7.08407,-42.5044
1e+06,3e+06,-12.6045,-37.8135
1.5e+06,3e+06,-15.8448,-31.6897
2e+06,3e+06,-17.0075,-25.5113
2.5e+06,3e+06,-16.7325,-20.079
3e+06,3e+06,-15.6581,-15.6581
3.5e+06,3e+06,-14.2415,-12.207
4e+06,3e+06,-12.7549,-9.56614
4.5e+06,3e+06,-11.3383,-7.55889
5e+06,3e+06,-10.0526,-6.03154
5.5e+06,3e+06,-8.91515,-4.86281
6e+06,3e+06,-7.92242,-3.96121
6.5e+06,3e+06,-7.06152,-3.25916
7e+06,3e+06,-6.31657,-2.7071
7.5e+06,3e+06,-5.67174,-2.26869
8e+06,3e+06,-5.11248,-1.91718
8.5e+06,3e+06,-4.62604,-1.63272
9e+06,3e+06,-4.2015,-1.4005
9.5e+06,3e+06,-3.8296,-1.20935
1e+07,3e+06,-3.50256,-1.05077
-1e+07,3.5e+06,3.35155,-1.17304
-9.5e+06,3.5e+06,3.64891,-1.34434
-9e+06,3.5e+06,3.98377,-1.54925
-8.5e+06,3.5e+06,4.36174,-1.79601
-8e+06,3.5e+06,4.78912,-2.09524
-7.5e+06,3.5e+06,5.27292,-2.46069
-7e+06,3.5e+06,5.82056,-2.91028
-6.5e+06,3.5e+06,6.43938,-3.46736
-6e+06,3.5e+06,7.1356,-4.16244
-5.5e+06,3.5e+06,7.91234,-5.03512
-5e+06,3.5e+06,8.76609,-6.13627
-4.5e+06,3.5e+06,9.68084,-7.52954
-4e+06,3.5e+06,10.6184,-9.29107
-3.5e+06,3.5e+06,11.5039,-11.5039
-3e+06,3.5e+06,12.207,-14.2415
-2.5e+06,3.5e+06,12.523,-17.5322
-2e+06,3.5e+06,12.1696,-21.2968
-1.5e+06,3.5e+06,10.8284,-25.2663
-1e+06,3.5e+06,8.26422,-28.9248
-500000,3.5e+06,4.50952,-31.5667
0,3.5e+06,-0,-32.5379
500000,3.5e+06,-4.50952,-31.5667
1e+06,3.5e+06,-8.26422,-28.9248
1.5e+06,3.5e+06,-10.8284,-25.2663
2e+06,3.5e+06,-12.1696,-21.2968
2.5e+06,3.5e+06,-12.523,-17.5322
3e+06,3.5e+06,-12.207,-14.2415
3.5e+06,3.5e+06,-11.5039,-11.5039
4e+06,3.5e+06,-10.6184,-9.29107
4.5e+06,3.5e+06,-9.68084,-7.52954
5e+06,3.5e+06,-8.76609,-6.13627
5.5e+06,3.5e+06,-7.91234,-5.03512
6e+06,3.5e+06,-7.1356,-4.16244
6.5e+06,3.5e+06,-6.43938,-3.46736
7e+06,3.5e+06,-5.82056,-2.91028
7.5e+06,3.5e+06,-5.27292,-2.46069
8e+06,3.5e+06,-4.78912,-2.09524
8.5e+06,3.5e+06,-4.36174,-1.79601
9e+06,3.5e+06,-3.98377,-1.54925
9.5e+06,3.5e+06,-3.64891,-1.34434
1e+07,3.5e+06,-3.35155,-1.17304
-1e+07,4e+06,3.19035,-1.27614
-9.5e+06,4e+06,3.45745,-1.45577
-9e+06,4e+06,3.755,-1.66889
-8.5e+06,4e+06,4.0867,-1.92315
-8e+06,4e+06,4.45636,-2.22818
-7.5e+06,4e+06,4.86777,-2.59614
-7e+06,4e+06,5.32419,-3.04239
-6.5e+06,4e+06,5.82767,-3.58626
-6e+06,4e+06,6.37781,-4.25188
-5.5e+06,4e+06,6.9698,-5.06895
-5e+06,4e+06,7.59136,-6.07309
-4.5e+06,4e+06,8.21819,-7.30506
-4e+06,4e+06,8.80766,-8.80766
-3.5e+06,4e+06,9.29107,-10.6184
-3e+06,4e+06,9.56614,-12.7549
-2.5e+06,4e+06,9.49447,-15.1911
-2e+06,4e+06,8.91273,-17.8255
-1.5e+06,4e+06,7.66871,-20.4499
-1e+06,4e+06,5.68659,-22.7464
-500000,4e+06,3.04239,-24.3392
0,4e+06,-0,-24.9118
500000,4e+06,-3.04239,-24.3392
1e+06,4e+06,-5.68659,-22.7464
1.5e+06,4e+06,-7.66871,-20.4499
2e+06,4e+06,-8.91273,-17.8255
2.5e+06,4e+06,-9.49447,-15.1911
3e+06,4e+06,-9.56614,-12.7549
3.5e+06,4e+06,-9.29107,-10.6184
4e+06,4e+06,-8.80766,-8.80766
4.5e+06,4e+06,-8.21819,-7.30506
5e+06,4e+06,-7.59136,-6.07309
5.5e+06,4e+06,-6.9698,-5.06895
6e+06,4e+06,-6.37781,-4.25188
6.5e+06,4e+06,-5.82767,-3.58626
7e+06,4e+06,-5.32419,-3.04239
7.5e+06,4e+06,-4.86777,-2.59614
8e+06,4e+06,-4.45636,-2.22818
8.5e+06,4e+06,-4.0867,-1.92315
9e+06,4e+06,-3.755,-1.66889
9.5e+06,4e+06,-3.45745,-1.45577
1e+07,4e+06,-3.19035,-1.27614
-1e+07,4.5e+06,3.02272,-1.36022
-9.5e+06,4.5e+06,3.25991,-1.54417
-9e+06,4.5e+06,3.52108,-1.76054
-8.5e+06,4.5e+06,3.80831,-2.01616
-8e+06,4.5e+06,4.12345,-2.31944
-7.5e+06,4.5e+06,4.46781,-2.68069
-7e+06,4.5e+06,4.84166,-3.11249
-6.5e+06,4.5e+06,5.24347,-3.6301
-6e+06,4.5e+06,5.66882,-4.25162
-5.5e+06,4.5e+06,6.10873,-4.99805
-5e+06,4.5e+06,6.54738,-5.89264
-4.5e+06,4.5e+06,6.95914,-6.95914
-4e+06,4.5e+06,7.30506,-8.21819
-3.5e+06,4.5e+06,7.52954,-9.68084
-3e+06,4.5e+06,7.55889,-11.3383
-2.5e+06,4.5e+06,7.3046,-13.1483
-2e+06,4.5e+06,6.67556,-15.02
-1.5e+06,4.5e+06,5.602,-16.806
-1e+06,4.5e+06,4.06899,-18.3105
-500000,4.5e+06,2.14716,-19.3245
0,4.5e+06,-0,-19.6834
500000,4.5e+06,-2.14716,-19.3245
1e+06,4.5e+06,-4.06899,-18.3105
1.5e+06,4.5e+06,-5.602,-16.806
2e+06,4.5e+06,-6.67556,-15.02
2.5e+06,4.5e+06,-7.3046,-13.1483
3e+06,4.5e+06,-7.55889,-11.3383
3.5e+06,4.5e+06,-7.52954,-9.68084
4e+06,4.5e+06,-7.30506,-8.21819
4.5e+06,4.5e+06,-6.95914,-6.95914
5e+06,4.5e+06,-6.54738,-5.89264
5.5e+06,4.5e+06,-6.10873,-4.99805
6e+06,4.5e+06,-5.66882,-4.25162
6.5e+06,4.5e+06,-5.24347,-3.6301
7e+06,4.5e+06,-4.84166,-3.11249
7.5e+06,4.5e+06,-4.46781,-2.68069
8e+06,4.5e+06,-4.12345,-2.31944
8.5e+06,4.5e+06,-3.80831,-2.01616
9e+06,4.5e+06,-3.52108,-1.76054
9.5e+06,4.5e+06,-3.25991,-1.54417
1e+07,4.5e+06,-3.02272,-1.36022
-1e+07,5e+06,2.85207,-1.42604
-9.5e+06,5e+06,3.06047,-1.61077
-9e+06,5e+06,3.28707,-1.82615
-8.5e+06,5e+06,3.53273,-2.07807
-8e+06,5e+06,3.79779,-2.37362
-7.5e+06,5e+06,4.0818,-2.7212
-7e+06,5e+06,4.38305,-3.13075
-6.5e+06,5e+06,4.69786,-3.61374
-6e+06,5e+06,5.01975,-4.18312
-5.5e+06,5e+06,5.33814,-4.85285
-5e+06,5e+06,5.6369,-5.6369
-4.5e+06,5e+06,5.89264,-6.54738
-4e+06,5e+06,6.07309,-7.59136
-3.5e+06,5e+06,6.13627,-8.76609
-3e+06,5e+06,6.03154,-10.0526
-2.5e+06,5e+06,5.70414,-11.4083
-2e+06,5e+06,5.10456,-12.7614
-1.5e+06,5e+06,4.20307,-14.0102
-1e+06,5e+06,3.00653,-15.0326
-500000,5e+06,1.57074,-15.7074
0,5e+06,-0,-15.9436
500000,5e+06,-1.57074,-15.7074
1e+06,5e+06,-3.00653,-15.0326
1.5e+06,5e+06,-4.20307,-14.0102
2e+06,5e+06,-5.10456,-12.7614
2.5e+06,5e+06,-5.70414,-11.4083
3e+06,5e+06,-6.03154,-10.0526
3.5e+06,5e+06,-6.13627,-8.76609
4e+06,5e+06,-6.07309,-7.59136
4.5e+06,5e+06,-5.89264,-6.54738
5e+06,5e+06,-5.6369,-5.6369
5.5e+06,5e+06,-5.33814,-4.85285
6e+06,5e+06,-5.01975,-4.18312
6.5e+06,5e+06,-4.69786,-3.61374
7e+06,5e+06,-4.38305,-3.13075
7.5e+06,5e+06,-4.0818,-2.7212
8e+06,5e+06,-3.79779,-2.37362
8.5e+06,5e+06,-3.53273,-2.07807
9e+06,5e+06,-3.28707,-1.82615
9.5e+06,5e+06,-3.06047,-1.61077
1e+07,5e+06,-2.85207,-1.42604
-1e+07,5.5e+06,2.68138,-1.47476
-9.5e+06,5.5e+06,2.86265,-1.65732
-9e+06,5.5e+06,3.05716,-1.86826
-8.5e+06,5.5e+06,3.26482,-2.11253
-8e+06,5.5e+06,3.48493,-2.39589
-7.5e+06,5.5e+06,3.71589,-2.72498
-7e+06,5.5e+06,3.9548,-3.10734
-6.5e+06,5.5e+06,4.19693,-3.55125
-6e+06,5.5e+06,4.43504,-4.06546
-5.5e+06,5.5e+06,4.6586,-4.6586
-5e+06,5.5e+06,4.85285,-5.33814
-4.5e+06,5.5e+06,4.99805,-6.10873
-4e+06,5.5e+06,5.06895,-6.9698
-3.5e+06,5.5e+06,5.03512,-7.91234
-3e+06,5.5e+06,4.86281,-8.91515
-2.5e+06,5.5e+06,4.51883,-9.94143
-2e+06,5.5e+06,3.97708,-10.937
-1.5e+06,5.5e+06,3.22695,-11.8321
-1e+06,5.5e+06,2.28166,-12.5491
-500000,5.5e+06,1.18317,-13.0148
0,5.5e+06,-0,-13.1765
500000,5.5e+06,-1.18317,-13.0148
1e+06,5.5e+06,-2.28166,-12.5491
1.5e+06,5.5e+06,-3.22695,-11.8321
2e+06,5.5e+06,-3.97708,-10.937
2.5e+06,5.5e+06,-4.51883,-9.94143
3e+06,5.5e+06,-4.86281,-8.91515
3.5e+06,5.5e+06,-5.03512,-7.91234
4e+06,5.5e+06,-5.06895,-6.9698
4.5e+06,5.5e+06,-4.99805,-6.10873
5e+06,5.5e+06,-4.85285,-5.33814
5.5e+06,5.5e+06,-4.6586,-4.6586
6e+06,5.5e+06,-4.43504,-4.06546
6.5e+06,5.5e+06,-4.19693,-3.55125
7e+06,5.5e+06,-3.9548,-3.10734
7.5e+06,5.5e+06,-3.71589,-2.72498
8e+06,5.5e+06,-3.48493,-2.39589
8.5e+06,5.5e+06,-3.26482,-2.11253
9e+06,5.5e+06,-3.05716,-1.86826
9.5e+06,5.5e+06,-2.86265,-1.65732
1e+07,5.5e+06,-2.68138,-1.47476
-1e+07,6e+06,2.51314,-1.50789
-9.5e+06,6e+06,2.66933,-1.68589
-9e+06,6e+06,2.83458,-1.88972
-8.5e+06,6e+06,3.00817,-2.12342
-8e+06,6e+06,3.18871,-2.39154
-7.5e+06,6e+06,3.37394,-2.69915
-7e+06,6e+06,3.56037,-3.05175
-6.5e+06,6e+06,3.74294,-3.45502
-6e+06,6e+06,3.91452,-3.91452
-5.5e+06,6e+06,4.06546,-4.43504
-5e+06,6e+06,4.18312,-5.01975
-4.5e+06,6e+06,4.25162,-5.66882
-4e+06,6e+06,4.25188,-6.37781
-3.5e+06,6e+06,4.16244,-7.1356
-3e+06,6e+06,3.96121,-7.92242
-2.5e+06,6e+06,3.62849,-8.70837
-2e+06,6e+06,3.15112,-9.45337
-1.5e+06,6e+06,2.52737,-10.1095
-1e+06,6e+06,1.77102,-10.6261
-500000,6e+06,0.913132,-10.9576
0,6e+06,-0,-11.0719
500000,6e+06,-0.913132,-10.9576
1e+06,6e+06,-1.77102,-10.6261
1.5e+06,6e+06,-2.52737,-10.1095
2e+06,6e+06,-3.15112,-9.45337
2.5e+06,6e+06,-3.62849,-8.70837
3e+06,6e+06,-3.96121,-7.92242
3.5e+06,6e+06,-4.16244,-7.1356
4e+06,6e+06,-4.25188,-6.37781
4.5e+06,6e+06,-4.25162,-5.66882
5e+06,6e+06,-4.18312,-5.01975
5.5e+06,6e+06,-4.06546,-4.43504
6e+06,6e+06,-3.91452,-3.91452
6.5e+06,6e+06,-3.74294,-3.45502
7e+06,6e+06,-3.56037,-3.05175
7.5e+06,6e+06,-3.37394,-2.69915
8e+06,6e+06,-3.18871,-2.39154
8.5e+06,6e+06,-3.00817,-2.12342
9e+06,6e+06,-2.83458,-1.88972
9.5e+06,6e+06,-2.66933,-1.68589
1e+07,6e+06,-2.51314,-1.50789
-1e+07,6.5e+06,2.34935,-1.52708
-9.5e+06,6.5e+06,2.48271,-1.69869
-9e+06,6.5e+06,2.62173,-1.89347
-8.5e+06,6.5e+06,2.76526,-2.11461
-8e+06,6.5e+06,2.91154,-2.36562
-7.5e+06,6.5e+06,3.05796,-2.65024
-7e+06,6.5e+06,3.20092,-2.97228
-6.5e+06,6.5e+06,3.33545,-3.33545
-6e+06,6.5e+06,3.45502,-3.74294
-5.5e+06,6.5e+06,3.55125,-4.19693
-5e+06,6.5e+06,3.61374,-4.69786
-4.5e+06,6.5e+06,3.6301,-5.24347
-4e+06,6.5e+06,3.58626,-5.82767
-3.5e+06,6.5e+06,3.46736,-6.43938
-3e+06,6.5e+06,3.25916,-7.06152
-2.5e+06,6.5e+06,2.95021,-7.67055
-2e+06,6.5e+06,2.53447,-8.23704
-1.5e+06,6.5e+06,2.01408,-8.72768
-1e+06,6.5e+06,1.40135,-9.10877
-500000,6.5e+06,0.719303,-9.35094
0,6.5e+06,-0,-9.43406
500000,6.5e+06,-0.719303,-9.35094
1e+06,6.5e+06,-1.40135,-9.10877
1.5e+06,6.5e+06,-2.01408,-8.72768
2e+06,6.5e+06,-2.53447,-8.23704
2.5e+06,6.5e+06,-2.95021,-7.67055
3e+06,6.5e+06,-3.25916,-7.06152
3.5e+06,6.5e+06,-3.46736,-6.43938
4e+06,6.5e+06,-3.58626,-5.82767
4.5e+06,6.5e+06,-3.6301,-5.24347
5e+06,6.5e+06,-3.61374,-4.69786
5.5e+06,6.5e+06,-3.55125,-4.19693
6e+06,6.5e+06,-3.45502,-3.74294
6.5e+06,6.5e+06,-3.33545,-3.33545
7e+06,6.5e+06,-3.20092,-2.97228
7.5e+06,6.5e+06,-3.05796,-2.65024
8e+06,6.5e+06,-2.91154,-2.36562
8.5e+06,6.5e+06,-2.76526,-2.11461
9e+06,6.5e+06,-2.62173,-1.89347
9.5e+06,6.5e+06,-2.48271,-1.69869
1e+07,6.5e+06,-2.34935,-1.52708
-1e+07,7e+06,2.19152,-1.53407
-9.5e+06,7e+06,2.30439,-1.69797
-9e+06,7e+06,2.42021,-1.88239
-8.5e+06,7e+06,2.53759,-2.08978
-8e+06,7e+06,2.65459,-2.32277
-7.5e+06,7e+06,2.76856,-2.58399
-7e+06,7e+06,2.87597,-2.87597
-6.5e+06,7e+06,2.97228,-3.20092
-6e+06,7e+06,3.05175,-3.56037
-5.5e+06,7e+06,3.10734,-3.9548
-5e+06,7e+06,3.13075,-4.38305
-4.5e+06,7e+06,3.11249,-4.84166
-4e+06,7e+06,3.04239,-5.32419
-3.5e+06,7e+06,2.91028,-5.82056
-3e+06,7e+06,2.7071,-6.31657
-2.5e+06,7e+06,2.42643,-6.79399
-2e+06,7e+06,2.06605,-7.23119
-1.5e+06,7e+06,1.62958,-7.60471
-1e+06,7e+06,1.12738,-7.89166
-500000,7e+06,0.576615,-8.07261
0,7e+06,-0,-8.13447
500000,7e+06,-0.576615,-8.07261
1e+06,7e+06,-1.12738,-7.89166
1.5e+06,7e+06,-1.62958,-7.60471
2e+06,7e+06,-2.06605,-7.23119
2.5e+06,7e+06,-2.42643,-6.79399
3e+06,7e+06,-2.7071,-6.31657
3.5e+06,7e+06,-2.91028,-5.82056
4e+06,7e+06,-3.04239,-5.32419
4.5e+06,7e+06,-3.11249,-4.84166
5e+06,7e+06,-3.13075,-4.38305
5.5e+06,7e+06,-3.10734,-3.9548
6e+06,7e+06,-3.05175,-3.56037
6.5e+06,7e+06,-2.97228,-3.20092
7e+06,7e+06,-2.87597,-2.87597
7.5e+06,7e+06,-2.76856,-2.58399
8e+06,7e+06,-2.65459,-2.32277
8.5e+06,7e+06,-2.53759,-2.08978
9e+06,7e+06,-2.42021,-1.88239
9.5e+06,7e+06,-2.30439,-1.69797
1e+07,7e+06,-2.19152,-1.53407
-1e+07,7.5e+06,2.04078,-1.53058
-9.5e+06,7.5e+06,2.13547,-1.68589
-9e+06,7.5e+06,2.231,-1.85917
-8.5e+06,7.5e+06,2.32589,-2.05226
-8e+06,7.5e+06,2.41818,-2.26704
-7.5e+06,7.5e+06,2.50529,-2.50529
-7e+06,7.5e+06,2.58399,-2.76856
-6.5e+06,7.5e+06,2.65024,-3.05796
-6e+06,7.5e+06,2.69915,-3.37394
-5.5e+06,7.5e+06,2.72498,-3.71589
-5e+06,7.5e+06,2.7212,-4.0818
-4.5e+06,7.5e+06,2.68069,-4.46781
-4e+06,7.5e+06,2.59614,-4.86777
-3.5e+06,7.5e+06,2.46069,-5.27292
-3e+06,7.5e+06,2.26869,-5.67174
-2.5e+06,7.5e+06,2.01672,-6.05016
-2e+06,7.5e+06,1.70459,-6.39221
-1.5e+06,7.5e+06,1.33624,-6.68118
-1e+06,7.5e+06,0.920158,-6.90118
-500000,7.5e+06,0.46927,-7.03905
0,7.5e+06,-0,-7.08603
500000,7.5e+06,-0.46927,-7.03905
1e+06,7.5e+06,-0.920158,-6.90118
1.5e+06,7.5e+06,-1.33624,-6.68118
2e+06,7.5e+06,-1.70459,-6.39221
2.5e+06,7.5e+06,-2.01672,-6.05016
3e+06,7.5e+06,-2.26869,-5.67174
3.5e+06,7.5e+06,-2.46069,-5.27292
4e+06,7.5e+06,-2.59614,-4.86777
4.5e+06,7.5e+06,-2.68069,-4.46781
5e+06,7.5e+06,-2.7212,-4.0818
5.5e+06,7.5e+06,-2.72498,-3.71589
6e+06,7.5e+06,-2.69915,-3.37394
6.5e+06,7.5e+06,-2.65024,-3.05796
7e+06,7.5e+06,-2.58399,-2.76856
7.5e+06,7.5e+06,-2.50529,-2.50529
8e+06,7.5e+06,-2.41818,-2.26704
8.5e+06,7.5e+06,-2.32589,-2.05226
9e+06,7.5e+06,-2.231,-1.85917
9.5e+06,7.5e+06,-2.13547,-1.68589
1e+07,7.5e+06,-2.04078,-1.53058
-1e+07,8e+06,1.89784,-1.51827
-9.5e+06,8e+06,1.97657,-1.66448
-9e+06,8e+06,2.05455,-1.82626
-8.5e+06,8e+06,2.13029,-2.00498
-8e+06,8e+06,2.20192,-2.20192
-7.5e+06,8e+06,2.26704,-2.41818
-7e+06,8e+06,2.32277,-2.65459
-6.5e+06,8e+06,2.36562,-2.91154
-6e+06,8e+06,2.39154,-3.18871
-5.5e+06,8e+06,2.39589,-3.48493
-5e+06,8e+06,2.37362,-3.79779
-4.5e+06,8e+06,2.31944,-4.12345
-4e+06,8e+06,2.22818,-4.45636
-3.5e+06,8e+06,2.09524,-4.78912
-3e+06,8e+06,1.91718,-5.11248
-2.5e+06,8e+06,1.69237,-5.41559
-2e+06,8e+06,1.42165,-5.68659
-1.5e+06,8e+06,1.10876,-5.91339
-1e+06,8e+06,0.760599,-6.08479
-500000,8e+06,0.386978,-6.19164
0,8e+06,-0,-6.22796
500000,8e+06,-0.386978,-6.19164
1e+06,8e+06,-0.760599,-6.08479
1.5e+06,8e+06,-1.10876,-5.91339
2e+06,8e+06,-1.42165,-5.68659
2.5e+06,8e+06,-1.69237,-5.41559
3e+06,8e+06,-1.91718,-5.11248
3.5e+06,8e+06,-2.09524,-4.78912
4e+06,8e+06,-2.22818,-4.45636
4.5e+06,8e+06,-2.31944,-4.12345
5e+06,8e+06,-2.37362,-3.79779
5.5e+06,8e+06,-2.39589,-3.48493
6e+06,8e+06,-2.39154,-3.18871
6.5e+06,8e+06,-2.36562,-2.91154
7e+06,8e+06,-2.32277,-2.65459
7.5e+06,8e+06,-2.26704,-2.41818
8e+06,8e+06,-2.20192,-2.20192
8.5e+06,8e+06,-2.13029,-2.00498
9e+06,8e+06,-2.05455,-1.82626
9.5e+06,8e+06,-1.97657,-1.66448
1e+07,8e+06,-1.89784,-1.51827
-1e+07,8.5e+06,1.76314,-1.49867
-9.5e+06,8.5e+06,1.82797,-1.63555
-9e+06,8.5e+06,1.89089,-1.78584
-8.5e+06,8.5e+06,1.95049,-1.95049
-8e+06,8.5e+06,2.00498,-2.13029
-7.5e+06,8.5e+06,2.05226,-2.32589
-7e+06,8.5e+06,2.08978,-2.53759
-6.5e+06,8.5e+06,2.11461,-2.76526
-6e+06,8.5e+06,2.12342,-3.00817
-5.5e+06,8.5e+06,2.11253,-3.26482
-5e+06,8.5e+06,2.07807,-3.53273
-4.5e+06,8.5e+06,2.01616,-3.80831
-4e+06,8.5e+06,1.92315,-4.0867
-3.5e+06,8.5e+06,1.79601,-4.36174
-3e+06,8.5e+06,1.63272,-4.62604
-2.5e+06,8.5e+06,1.43272,-4.87124
-2e+06,8.5e+06,1.19728,-5.08844
-1.5e+06,8.5e+06,0.929785,-5.26878
-1e+06,8.5e+06,0.635791,-5.40422
-500000,8.5e+06,0.322841,-5.48829
0,8.5e+06,-0,-5.51681
500000,8.5e+06,-0.322841,-5.48829
1e+06,8.5e+06,-0.635791,-5.40422
1.5e+06,8.5e+06,-0.929785,-5.26878
2e+06,8.5e+06,-1.19728,-5.08844
2.5e+06,8.5e+06,-1.43272,-4.87124
3e+06,8.5e+06,-1.63272,-4.62604
3.5e+06,8.5e+06,-1.79601,-4.36174
4e+06,8.5e+06,-1.92315,-4.0867
4.5e+06,8.5e+06,-2.01616,-3.80831
5e+06,8.5e+06,-2.07807,-3.53273
5.5e+06,8.5e+06,-2.11253,-3.26482
6e+06,8.5e+06,-2.12342,-3.00817
6.5e+06,8.5e+06,-2.11461,-2.76526
7e+06,8.5e+06,-2.08978,-2.53759
7.5e+06,8.5e+06,-2.05226,-2.32589
8e+06,8.5e+06,-2.00498,-2.13029
8.5e+06,8.5e+06,-1.95049,-1.95049
9e+06,8.5e+06,-1.89089,-1.78584
9.5e+06,8.5e+06,-1.82797,-1.63555
1e+07,8.5e+06,-1.76314,-1.49867
-1e+07,9e+06,1.63685,-1.47316
-9.5e+06,9e+06,1.68968,-1.60075
-9e+06,9e+06,1.73978,-1.73978
-8.5e+06,9e+06,1.78584,-1.89089
-8e+06,9e+06,1.82626,-2.05455
-7.5e+06,9e+06,1.85917,-2.231
-7e+06,9e+06,1.88239,-2.42021
-6.5e+06,9e+06,1.89347,-2.62173
-6e+06,9e+06,1.88972,-2.83458
-5.5e+06,9e+06,1.86826,-3.05716
-5e+06,9e+06,1.82615,-3.28707
-4.5e+06,9e+06,1.76054,-3.52108
-4e+06,9e+06,1.66889,-3.755
-3.5e+06,9e+06,1.54925,-3.98377
-3e+06,9e+06,1.4005,-4.2015
-2.5e+06,9e+06,1.22269,-4.40169
-2e+06,9e+06,1.01725,-4.57762
-1.5e+06,9e+06,0.787119,-4.72271
-1e+06,9e+06,0.53679,-4.83111
-500000,9e+06,0.27212,-4.89816
0,9e+06,-0,-4.92085
500000,9e+06,-0.27212,-4.89816
1e+06,9e+06,-0.53679,-4.83111
1.5e+06,9e+06,-0.787119,-4.72271
2e+06,9e+06,-1.01725,-4.57762
2.5e+06,9e+06,-1.22269,-4.40169
3e+06,9e+06,-1.4005,-4.2015
3.5e+06,9e+06,-1.54925,-3.98377
4e+06,9e+06,-1.66889,-3.755
4.5e+06,9e+06,-1.76054,-3.52108
5e+06,9e+06,-1.82615,-3.28707
5.5e+06,9e+06,-1.86826,-3.05716
6e+06,9e+06,-1.88972,-2.83458
6.5e+06,9e+06,-1.89347,-2.62173
7e+06,9e+06,-1.88239,-2.42021
7.5e+06,9e+06,-1.85917,-2.231
8e+06,9e+06,-1.82626,-2.05455
8.5e+06,9e+06,-1.78584,-1.89089
9e+06,9e+06,-1.73978,-1.73978
9.5e+06,9e+06,-1.68968,-1.60075
1e+07,9e+06,-1.63685,-1.47316
-1e+07,9.5e+06,1.51893,-1.44299
-9.5e+06,9.5e+06,1.56147,-1.56147
-9e+06,9.5e+06,1.60075,-1.68968
-8.5e+06,9.5e+06,1.63555,-1.82797
-8e+06,9.5e+06,1.66448,-1.97657
-7.5e+06,9.5e+06,1.68589,-2.13547
-7e+06,9.5e+06,1.69797,-2.30439
-6.5e+06,9.5e+06,1.69869,-2.48271
-6e+06,9.5e+06,1.68589,-2.66933
-5.5e+06,9.5e+06,1.65732,-2.86265
-5e+06,9.5e+06,1.61077,-3.06047
-4.5e+06,9.5e+06,1.54417,-3.25991
-4e+06,9.5e+06,1.45577,-3.45745
-3.5e+06,9.5e+06,1.34434,-3.64891
-3e+06,9.5e+06,1.20935,-3.8296
-2.5e+06,9.5e+06,1.05117,-3.99446
-2e+06,9.5e+06,0.871231,-4.13835
-1.5e+06,9.5e+06,0.672054,-4.25634
-1e+06,9.5e+06,0.457274,-4.3441
-500000,9.5e+06,0.231485,-4.39821
0,9.5e+06,-0,-4.4165
500000,9.5e+06,-0.231485,-4.39821
1e+06,9.5e+06,-0.457274,-4.3441
1.5e+06,9.5e+06,-0.672054,-4.25634
2e+06,9.5e+06,-0.871231,-4.13835
2.5e+06,9.5e+06,-1.05117,-3.99446
3e+06,9.5e+06,-1.20935,-3.8296
3.5e+06,9.5e+06,-1.34434,-3.64891
4e+06,9.5e+06,-1.45577,-3.45745
4.5e+06,9.5e+06,-1.54417,-3.25991
5e+06,9.5e+06,-1.61077,-3.06047
5.5e+06,9.5e+06,-1.65732,-2.86265
6e+06,9.5e+06,-1.68589,-2.66933
6.5e+06,9.5e+06,-1.69869,-2.48271
7e+06,9.5e+06,-1.69797,-2.30439
7.5e+06,9.5e+06,-1.68589,-2.13547
8e+06,9.5e+06,-1.66448,-1.97657
8.5e+06,9.5e+06,-1.63555,-1.82797
9e+06,9.5e+06,-1.60075,-1.68968
9.5e+06,9.5e+06,-1.56147,-1.56147
1e+07,9.5e+06,-1.51893,-1.44299
-1e+07,1e+07,1.40923,-1.40923
-9.5e+06,1e+07,1.44299,-1.51893
-9e+06,1e+07,1.47316,-1.63685
-8.5e+06,1e+07,1.49867,-1.76314
-8e+06,1e+07,1.51827,-1.89784
-7.5e+06,1e+07,1.53058,-2.04078
-7e+06,1e+07,1.53407,-2.19152
-6.5e+06,1e+07,1.52708,-2.34935
-6e+06,1e+07,1.50789,-2.51314
-5.5e+06,1e+07,1.47476,-2.68138
-5e+06,1e+07,1.42604,-2.85207
-4.5e+06,1e+07,1.36022,-3.02272
-4e+06,1e+07,1.27614,-3.19035
-3.5e+06,1e+07,1.17304,-3.35155
-3e+06,1e+07,1.05077,-3.50256
-2.5e+06,1e+07,0.909855,-3.63942
-2e+06,1e+07,0.751632,-3.75816
-1.5e+06,1e+07,0.578258,-3.85505
-1e+06,1e+07,0.392684,-3.92684
-500000,1e+07,0.19855,-3.97099
0,1e+07,-0,-3.98589
500000,1e+07,-0.19855,-3.97099
1e+06,1e+07,-0.392684,-3.92684
1.5e+06,1e+07,-0.578258,-3.85505
2e+06,1e+07,-0.751632,-3.75816
2.5e+06,1e+07,-0.909855,-3.63942
3e+06,1e+07,-1.05077,-3.50256
3.5e+06,1e+07,-1.17304,-3.35155
4e+06,1e+07,-1.27614,-3.19035
4.5e+06,1e+07,-1.36022,-3.02272
5e+06,1e+07,-1.42604,-2.85207
5.5e+06,1e+07,-1.47476,-2.68138
6e+06,1e+07,-1.50789,-2.51314
6.5e+06,1e+07,-1.52708,-2.34935
7e+06,1e+07,-1.53407,-2.19152
7.5e+06,1e+07,-1.53058,-2.04078
8e+06,1e+07,-1.51827,-1.89784
8.5e+06,1e+07,-1.49867,-1.76314
9e+06,1e+07,-1.47316,-1.63685
9.5e+06,1e+07,-1.44299,-1.51893
1e+07,1e+07,-1.40923,-1.40923
